improvement,smallest,submodular
45.92322361900663,51.44346078045237,50.4043089866634
45.64661981546349,52.4777717565918,50.56077253945907
44.70960727738423,50.47584106665191,51.64272228157629
