smallest,cluster,improvement,SAA,CTO_mult
50.238990,51.016907,49.580530,49.555591,49.348732
