smallest,cluster,LCB_max,improvement,SAA,mixed
52.531048,53.169979,54.779031,52.482807,52.223078,52.208722
