smallest,cluster,LCB_max,improvement,SAA,mixed
54.281615,54.413809,56.106356,53.002611,52.671023,52.677077
