smallest,cluster,improvement,SAA,CTO_mult
51.708969,52.249643,51.690740,50.885581,54.284236
