smallest,cluster,LCB_max,improvement,SAA,mixed
69.848760,67.541477,68.651256,66.773341,66.787315,66.783704
66.883976,65.846941,66.231945,65.633900,65.465273,65.431178
